Date,Name,Year,Letterboxd URI
2024-04-08,Dune: Part Two,2024,https://boxd.it/pUfA
2024-04-08,Poor Things,2023,https://boxd.it/tNWU
2024-04-08,Interstellar,2014,https://boxd.it/4VZ8
2024-04-08,Spider-Man: Across the Spider-Verse,2023,https://boxd.it/kSz4
2024-04-08,Guardians of the Galaxy Vol. 3,2023,https://boxd.it/fVNI
2024-04-08,Puss in Boots: The Last Wish,2022,https://boxd.it/aaie
2024-04-08,Past Lives,2023,https://boxd.it/oNB8
2024-04-08,"Are You There God? It's Me, Margaret.",2023,https://boxd.it/kiYC
2024-04-08,Tenet,2020,https://boxd.it/leq4
2024-04-08,Baby Driver,2017,https://boxd.it/bhF2
2024-04-09,Everything Everywhere All at Once,2022,https://boxd.it/jUk4
2024-04-09,Top Gun: Maverick,2022,https://boxd.it/cjr4
2024-04-09,Inglourious Basterds,2009,https://boxd.it/1JzG
2024-04-09,Uncut Gems,2019,https://boxd.it/gXGc
2024-05-27,Furiosa: A Mad Max Saga,2024,https://boxd.it/tABk
2024-07-08,How to Make Millions Before Grandma Dies,2024,https://boxd.it/FLa4
2024-09-15,Look Back,2024,https://boxd.it/LjA6
2024-09-15,Dungeons & Dragons: Honor Among Thieves,2023,https://boxd.it/hN1A
2024-09-29,The Wild Robot,2024,https://boxd.it/IWFy
2024-09-29,The Shawshank Redemption,1994,https://boxd.it/2aHi
2024-09-29,The Dark Knight,2008,https://boxd.it/2b0k
2024-09-29,Forrest Gump,1994,https://boxd.it/728
2024-09-29,Inception,2010,https://boxd.it/1skk
2024-09-29,The Matrix,1999,https://boxd.it/2a1m
2024-09-29,Whiplash,2014,https://boxd.it/7bQA
2024-09-29,Django Unchained,2012,https://boxd.it/2cCk
2024-11-02,The Handmaiden,2016,https://boxd.it/948A
2024-11-05,12 Angry Men,1957,https://boxd.it/2auI
2025-01-19,The Count of Monte Cristo,2024,https://boxd.it/F1Nk
2025-01-19,Treasure Planet,2002,https://boxd.it/1Znm
2025-01-19,Lilo & Stitch,2002,https://boxd.it/1TAY
2025-01-19,Atlantis: The Lost Empire,2001,https://boxd.it/1Vck
2025-01-19,Pirates of the Caribbean: The Curse of the Black Pearl,2003,https://boxd.it/70G
2025-01-19,Brother Bear,2003,https://boxd.it/1Xjs
2025-01-19,The Incredibles,2004,https://boxd.it/1XLm
2025-01-19,Meet the Robinsons,2007,https://boxd.it/28Ym
2025-01-19,WALLÂ·E,2008,https://boxd.it/1VEo
2025-01-19,Up,2009,https://boxd.it/1OEc
2025-01-19,John Carter,2012,https://boxd.it/FQ2
2025-01-19,Jumanji,1995,https://boxd.it/1ZLI
2025-01-19,Scott Pilgrim vs. the World,2010,https://boxd.it/1Aq6
2025-01-19,School of Rock,2003,https://boxd.it/28xK
2025-01-19,Tropic Thunder,2008,https://boxd.it/20WM
2025-01-19,The Terminal,2004,https://boxd.it/2a2O
2025-01-19,Moulin Rouge!,2001,https://boxd.it/29wI
2025-01-19,The Mitchells vs. the Machines,2021,https://boxd.it/i7xm
2025-01-26,Anora,2024,https://boxd.it/Egcw
2025-01-26,Dune,2021,https://boxd.it/fA7G
2025-01-26,Parasite,2019,https://boxd.it/hTha
2025-01-26,The Lighthouse,2019,https://boxd.it/icFU
2025-01-26,Alita: Battle Angel,2019,https://boxd.it/e0rS
2025-01-26,Spider-Man: Into the Spider-Verse,2018,https://boxd.it/azpY
2025-01-26,Lady Bird,2017,https://boxd.it/dGNE
2025-01-26,The Lego Movie,2014,https://boxd.it/4pDO
2025-01-26,The Wolf of Wall Street,2013,https://boxd.it/3C1m
2025-01-26,Moneyball,2011,https://boxd.it/glS
2025-01-26,The Social Network,2010,https://boxd.it/17ue
2025-01-26,Fantastic Mr. Fox,2009,https://boxd.it/1WyQ
2025-01-26,Juno,2007,https://boxd.it/210a
2025-01-26,Nacho Libre,2006,https://boxd.it/1YTG
2025-01-26,Oldboy,2003,https://boxd.it/29R2
2025-01-26,Catch Me If You Can,2002,https://boxd.it/29VS
2025-01-26,The Emperor's New Groove,2000,https://boxd.it/1Tey
2025-01-26,Fight Club,1999,https://boxd.it/2a9q
2025-01-26,The Fall,2006,https://boxd.it/1NoM
2025-01-26,American Psycho,2000,https://boxd.it/28Vs
2025-01-26,Easy A,2010,https://boxd.it/17DK
2025-01-26,This Is the End,2013,https://boxd.it/3GB4
2025-01-26,The Pursuit of Happyness,2006,https://boxd.it/28PE
2025-01-26,The Big Short,2015,https://boxd.it/ajZw
2025-01-26,Jojo Rabbit,2019,https://boxd.it/iEBG
2025-01-26,District 9,2009,https://boxd.it/1Iik
2025-01-26,Edge of Tomorrow,2014,https://boxd.it/4pD0
2025-01-27,Marriage Story,2019,https://boxd.it/hJAw
2025-01-27,Chef,2014,https://boxd.it/6lCG
2025-01-27,(500) Days of Summer,2009,https://boxd.it/1EmM
2025-01-27,Looper,2012,https://boxd.it/ham
2025-01-27,10 Things I Hate About You,1999,https://boxd.it/23AO
2025-01-27,A Knight's Tale,2001,https://boxd.it/1YAk
2025-01-27,Little Miss Sunshine,2006,https://boxd.it/29EW
2025-01-27,Swiss Army Man,2016,https://boxd.it/bDG2
2025-02-01,The Father,2020,https://boxd.it/m8Ie
2025-02-01,Thank You for Smoking,2005,https://boxd.it/1YOc
2025-02-01,300,2006,https://boxd.it/28XI
2025-02-01,8 Mile,2002,https://boxd.it/2bew
2025-02-01,American Beauty,1999,https://boxd.it/71Y
2025-02-01,Harold & Kumar Go to White Castle,2004,https://boxd.it/1Ueu
2025-02-01,Rogue One: A Star Wars Story,2016,https://boxd.it/aPvy
2025-02-02,The Hitchhiker's Guide to the Galaxy,2005,https://boxd.it/20VE
2025-02-02,Yi Yi,2000,https://boxd.it/1vCw
2025-02-02,Accepted,2006,https://boxd.it/1XO6
2025-02-02,Pacific Rim,2013,https://boxd.it/2cB2
2025-02-03,The Princess Bride,1987,https://boxd.it/26EY
2025-02-03,Akira,1988,https://boxd.it/2b1i
2025-02-03,The King's Speech,2010,https://boxd.it/dX0
2025-02-03,Good Time,2017,https://boxd.it/fcFu
2025-02-03,Battle Royale,2000,https://boxd.it/25zS
2025-02-03,1917,2019,https://boxd.it/jj4y
2025-02-17,Perfect Days,2023,https://boxd.it/ATh8
2025-02-21,A Real Pain,2024,https://boxd.it/CjNG
2025-02-21,Taxi Driver,1976,https://boxd.it/2b8y
